{
  "products": {
    "GET": "https://api.preseli.biz/products/v1/getproducts",
    "Response": {
      "Product": [
        {
          "ProductName": "10mm Plant Silk Lanyard",
          "ProductCode": "PSL10",
          "Description": "A textured plant silk lanyard screen printed with up to 4 spot colours on 1 or both sides. This biodegradable material produced using plant stems recycled from grain crops offers a more sustainable alternative to conventional plastic-based fabrics.\nFitted with a black plastic safety break and metal trigger clip.\nAvailable in off-white as standard or pantone matched at an additional cost.\n3 standard sizes: 10/15/20mm.\nOptional extras: additional spot colours/alternative fittings/pantone matching.\nLanyards help hold and display ID badges or security passes and carry small items like keys. They're used day-to-day by many organisations and for all sorts of special occasions, from conferences and exhibitions to sports and entertainment events. This makes them an affordable and highly effective marketing tool.",
          "Colours": {
            "Colour": ["off-white", "pantone matched at an additional cost"]
          },
          "Material": "plant silk",
          "Size": "10mm  x 900mm ",
          "Branding": "1 side",
          "Height": "6",
          "Width": "370",
          "DimensionUnit": "mm",
          "Weight": "10",
          "WeightUnit": "g",
          "Images": {
            "Image": [
              "https://www.preseli.biz/uploads/shop/large/253915mm-Plant-silk-lanyard.jpg",
              "https://www.preseli.biz/uploads/shop/large/68963PSL-Plant-Silk-Lanyard.jpg",
              "https://www.preseli.biz/uploads/shop/large/84067PSL10-10mm-Plant-Silk-Lanyard.jpg",
              "https://www.preseli.biz/uploads/shop/large/Eco-lanyards_fabric-comparison.jpg"
            ]
          },
          "Artwork": "https://www.preseli.biz/uploads/shop/artwork/PSL10%2010mm%20Plant%20silk%20lanyard.pdf",
          "DataSheet": "https://www.preseli.biz/datasheet.php?product_id=2",
          "Prices": {
            "Price": [
              {
                "Name": "Screen",
                "Quantity": "100",
                "PriceDetails": [
                  {
                    "Type": "Product",
                    "Description": "Printed 1 Colour 1 Side (per product)",
                    "Value": "0.80",
                    "Unit": "Per Unit"
                  },
                  {
                    "Type": "Additional Charge",
                    "Description": "Additional Print Charge per Colour per Position (per unit)",
                    "Value": "0.02",
                    "Unit": "Per Unit"
                  },
                  {
                    "Type": "Setup",
                    "Description": "Print Set Up per Colour (total)",
                    "Value": "20.00",
                    "Unit": "Total"
                  },
                  {
                    "Type": "Additional Charge",
                    "Description": "Pantone Charge (total)",
                    "Value": "25.00",
                    "Unit": "Total"
                  },
                  {
                    "Type": "Carriage",
                    "Description": "Carriage to 1 UK Mainland Address (total)*Exc.Highlands",
                    "Value": "10.00",
                    "Unit": "Total"
                  }
                ]
              },
              {
                "Name": "Screen",
                "Quantity": "250",
                "PriceDetails": [
                  {
                    "Type": "Product",
                    "Description": "Printed 1 Colour 1 Side (per product)",
                    "Value": "0.63",
                    "Unit": "Per Unit"
                  },
                  {
                    "Type": "Additional Charge",
                    "Description": "Additional Print Charge per Colour per Position (per unit)",
                    "Value": "0.02",
                    "Unit": "Per Unit"
                  },
                  {
                    "Type": "Setup",
                    "Description": "Print Set Up per Colour (total)",
                    "Value": "20.00",
                    "Unit": "Total"
                  },
                  {
                    "Type": "Additional Charge",
                    "Description": "Pantone Charge (total)",
                    "Value": "25.00",
                    "Unit": "Total"
                  },
                  {
                    "Type": "Carriage",
                    "Description": "Carriage to 1 UK Mainland Address (total)*Exc.Highlands",
                    "Value": "10.00",
                    "Unit": "Total"
                  }
                ]
              },
              {
                "Name": "Screen",
                "Quantity": "500",
                "PriceDetails": [
                  {
                    "Type": "Product",
                    "Description": "Printed 1 Colour 1 Side (per product)",
                    "Value": "0.55",
                    "Unit": "Per Unit"
                  },
                  {
                    "Type": "Additional Charge",
                    "Description": "Additional Print Charge per Colour per Position (per unit)",
                    "Value": "0.02",
                    "Unit": "Per Unit"
                  },
                  {
                    "Type": "Setup",
                    "Description": "Print Set Up per Colour (total)",
                    "Value": "20.00",
                    "Unit": "Total"
                  },
                  {
                    "Type": "Additional Charge",
                    "Description": "Pantone Charge (total)",
                    "Value": "25.00",
                    "Unit": "Total"
                  },
                  {
                    "Type": "Carriage",
                    "Description": "Carriage to 1 UK Mainland Address (total)*Exc.Highlands",
                    "Value": "10.00",
                    "Unit": "Total"
                  }
                ]
              },
              {
                "Name": "Screen",
                "Quantity": "1000",
                "PriceDetails": [
                  {
                    "Type": "Product",
                    "Description": "Printed 1 Colour 1 Side (per product)",
                    "Value": "0.42",
                    "Unit": "Per Unit"
                  },
                  {
                    "Type": "Additional Charge",
                    "Description": "Additional Print Charge per Colour per Position (per unit)",
                    "Value": "0.02",
                    "Unit": "Per Unit"
                  },
                  {
                    "Type": "Setup",
                    "Description": "Print Set Up per Colour (total)",
                    "Value": "20.00",
                    "Unit": "Total"
                  },
                  {
                    "Type": "Additional Charge",
                    "Description": "Pantone Charge (total)",
                    "Value": "25.00",
                    "Unit": "Total"
                  },
                  {
                    "Type": "Carriage",
                    "Description": "Carriage to 1 UK Mainland Address (total)*Exc.Highlands",
                    "Value": "10.00",
                    "Unit": "Total"
                  }
                ]
              },
              {
                "Name": "Screen",
                "Quantity": "2500",
                "PriceDetails": [
                  {
                    "Type": "Product",
                    "Description": "Printed 1 Colour 1 Side (per product)",
                    "Value": "0.41",
                    "Unit": "Per Unit"
                  },
                  {
                    "Type": "Additional Charge",
                    "Description": "Additional Print Charge per Colour per Position (per unit)",
                    "Value": "0.02",
                    "Unit": "Per Unit"
                  },
                  {
                    "Type": "Setup",
                    "Description": "Print Set Up per Colour (total)",
                    "Value": "0.00",
                    "Unit": "Total"
                  },
                  {
                    "Type": "Additional Charge",
                    "Description": "Pantone Charge (total)",
                    "Value": "0.00",
                    "Unit": "Total"
                  },
                  {
                    "Type": "Carriage",
                    "Description": "Carriage to 1 UK Mainland Address (total)*Exc.Highlands",
                    "Value": "24.00",
                    "Unit": "Total"
                  }
                ]
              },
              {
                "Name": "Screen",
                "Quantity": "5000",
                "PriceDetails": [
                  {
                    "Type": "Product",
                    "Description": "Printed 1 Colour 1 Side (per product)",
                    "Value": "0.38",
                    "Unit": "Per Unit"
                  },
                  {
                    "Type": "Additional Charge",
                    "Description": "Additional Print Charge per Colour per Position (per unit)",
                    "Value": "0.02",
                    "Unit": "Per Unit"
                  },
                  {
                    "Type": "Setup",
                    "Description": "Print Set Up per Colour (total)",
                    "Value": "0.00",
                    "Unit": "Total"
                  },
                  {
                    "Type": "Additional Charge",
                    "Description": "Pantone Charge (total)",
                    "Value": "0.00",
                    "Unit": "Total"
                  },
                  {
                    "Type": "Carriage",
                    "Description": "Carriage to 1 UK Mainland Address (total)*Exc.Highlands",
                    "Value": "40.00",
                    "Unit": "Total"
                  }
                ]
              },
              {
                "Name": "Screen",
                "Quantity": "10000",
                "PriceDetails": [
                  {
                    "Type": "Product",
                    "Description": "Printed 1 Colour 1 Side (per product)",
                    "Value": "0.37",
                    "Unit": "Per Unit"
                  },
                  {
                    "Type": "Additional Charge",
                    "Description": "Additional Print Charge per Colour per Position (per unit)",
                    "Value": "0.02",
                    "Unit": "Per Unit"
                  },
                  {
                    "Type": "Setup",
                    "Description": "Print Set Up per Colour (total)",
                    "Value": "0.00",
                    "Unit": "Total"
                  },
                  {
                    "Type": "Additional Charge",
                    "Description": "Pantone Charge (total)",
                    "Value": "0.00",
                    "Unit": "Total"
                  },
                  {
                    "Type": "Carriage",
                    "Description": "Carriage to 1 UK Mainland Address (total)*Exc.Highlands",
                    "Value": "70.00",
                    "Unit": "Total"
                  }
                ]
              },
              {
                "Name": "Screen",
                "Quantity": "25000",
                "PriceDetails": [
                  {
                    "Type": "Product",
                    "Description": "Printed 1 Colour 1 Side (per product)",
                    "Value": "0.36",
                    "Unit": "Per Unit"
                  },
                  {
                    "Type": "Additional Charge",
                    "Description": "Additional Print Charge per Colour per Position (per unit)",
                    "Value": "0.02",
                    "Unit": "Per Unit"
                  },
                  {
                    "Type": "Setup",
                    "Description": "Print Set Up per Colour (total)",
                    "Value": "0.00",
                    "Unit": "Total"
                  },
                  {
                    "Type": "Additional Charge",
                    "Description": "Pantone Charge (total)",
                    "Value": "0.00",
                    "Unit": "Total"
                  },
                  {
                    "Type": "Carriage",
                    "Description": "Carriage to 1 UK Mainland Address (total)*Exc.Highlands",
                    "Value": "110.00",
                    "Unit": "Total"
                  }
                ]
              }
            ]
          },
          "LeadTime": "15 working days",
          "EndUserWebsite": "https://www.promobestsellers.co.uk/product/10mm-plant-silk-lanyard"
        },
        {
          "ProductName": "15mm Plant Silk Lanyard",
          "ProductCode": "PSL15",
          "Description": "A textured plant silk lanyard screen printed with up to 4 spot colours on 1 or both sides. This biodegradable material produced using plant stems recycled from grain crops offers a more sustainable alternative to conventional plastic-based fabrics.\nFitted with a black plastic safety break and metal trigger clip.\nAvailable in off-white as standard or pantone matched at an additional cost.\n3 standard sizes: 10/15/20mm.\nOptional extras: additional spot colours/alternative fittings/pantone matching.\nLanyards help hold and display ID badges or security passes and carry small items like keys. They're used day-to-day by many organisations and for all sorts of special occasions, from conferences and exhibitions to sports and entertainment events. This makes them an affordable and highly effective marketing tool.",
          "Colours": {
            "Colour": ["off-white", "pantone matched at an additional cost"]
          },
          "Material": "plant silk",
          "Size": "15mm  x 900mm ",
          "Branding": "1 side",
          "Height": "11",
          "Width": "370",
          "DimensionUnit": "mm",
          "Weight": "12",
          "WeightUnit": "g",
          "Images": {
            "Image": [
              "https://www.preseli.biz/uploads/shop/large/8668215mm-Plant-silk-lanyard.jpg",
              "https://www.preseli.biz/uploads/shop/large/20613PSL15-15mm-Plant-Silk-Lanyard.jpg",
              "https://www.preseli.biz/uploads/shop/large/Eco-lanyards_fabric-comparison.jpg"
            ]
          },
          "Artwork": "https://www.preseli.biz/uploads/shop/artwork/PSL15%2015mm%20Plant%20silk%20lanyard.pdf",
          "DataSheet": "https://www.preseli.biz/datasheet.php?product_id=3",
          "Prices": {
            "Price": [
              {
                "Name": "Screen",
                "Quantity": "100",
                "PriceDetails": [
                  {
                    "Type": "Product",
                    "Description": "Printed 1 Colour 1 Side (per product)",
                    "Value": "0.82",
                    "Unit": "Per Unit"
                  },
                  {
                    "Type": "Additional Charge",
                    "Description": "Additional Print Charge per Colour per Position (per unit)",
                    "Value": "0.02",
                    "Unit": "Per Unit"
                  },
                  {
                    "Type": "Setup",
                    "Description": "Print Set Up per Colour (total)",
                    "Value": "20.00",
                    "Unit": "Total"
                  },
                  {
                    "Type": "Additional Charge",
                    "Description": "Pantone Charge (total)",
                    "Value": "25.00",
                    "Unit": "Total"
                  },
                  {
                    "Type": "Carriage",
                    "Description": "Carriage to 1 UK Mainland Address (total)*Exc.Highlands",
                    "Value": "10.00",
                    "Unit": "Total"
                  }
                ]
              },
              {
                "Name": "Screen",
                "Quantity": "250",
                "PriceDetails": [
                  {
                    "Type": "Product",
                    "Description": "Printed 1 Colour 1 Side (per product)",
                    "Value": "0.66",
                    "Unit": "Per Unit"
                  },
                  {
                    "Type": "Additional Charge",
                    "Description": "Additional Print Charge per Colour per Position (per unit)",
                    "Value": "0.02",
                    "Unit": "Per Unit"
                  },
                  {
                    "Type": "Setup",
                    "Description": "Print Set Up per Colour (total)",
                    "Value": "20.00",
                    "Unit": "Total"
                  },
                  {
                    "Type": "Additional Charge",
                    "Description": "Pantone Charge (total)",
                    "Value": "25.00",
                    "Unit": "Total"
                  },
                  {
                    "Type": "Carriage",
                    "Description": "Carriage to 1 UK Mainland Address (total)*Exc.Highlands",
                    "Value": "10.00",
                    "Unit": "Total"
                  }
                ]
              },
              {
                "Name": "Screen",
                "Quantity": "500",
                "PriceDetails": [
                  {
                    "Type": "Product",
                    "Description": "Printed 1 Colour 1 Side (per product)",
                    "Value": "0.58",
                    "Unit": "Per Unit"
                  },
                  {
                    "Type": "Additional Charge",
                    "Description": "Additional Print Charge per Colour per Position (per unit)",
                    "Value": "0.02",
                    "Unit": "Per Unit"
                  },
                  {
                    "Type": "Setup",
                    "Description": "Print Set Up per Colour (total)",
                    "Value": "20.00",
                    "Unit": "Total"
                  },
                  {
                    "Type": "Additional Charge",
                    "Description": "Pantone Charge (total)",
                    "Value": "25.00",
                    "Unit": "Total"
                  },
                  {
                    "Type": "Carriage",
                    "Description": "Carriage to 1 UK Mainland Address (total)*Exc.Highlands",
                    "Value": "10.00",
                    "Unit": "Total"
                  }
                ]
              },
              {
                "Name": "Screen",
                "Quantity": "1000",
                "PriceDetails": [
                  {
                    "Type": "Product",
                    "Description": "Printed 1 Colour 1 Side (per product)",
                    "Value": "0.44",
                    "Unit": "Per Unit"
                  },
                  {
                    "Type": "Additional Charge",
                    "Description": "Additional Print Charge per Colour per Position (per unit)",
                    "Value": "0.02",
                    "Unit": "Per Unit"
                  },
                  {
                    "Type": "Setup",
                    "Description": "Print Set Up per Colour (total)",
                    "Value": "20.00",
                    "Unit": "Total"
                  },
                  {
                    "Type": "Additional Charge",
                    "Description": "Pantone Charge (total)",
                    "Value": "25.00",
                    "Unit": "Total"
                  },
                  {
                    "Type": "Carriage",
                    "Description": "Carriage to 1 UK Mainland Address (total)*Exc.Highlands",
                    "Value": "10.00",
                    "Unit": "Total"
                  }
                ]
              },
              {
                "Name": "Screen",
                "Quantity": "2500",
                "PriceDetails": [
                  {
                    "Type": "Product",
                    "Description": "Printed 1 Colour 1 Side (per product)",
                    "Value": "0.43",
                    "Unit": "Per Unit"
                  },
                  {
                    "Type": "Additional Charge",
                    "Description": "Additional Print Charge per Colour per Position (per unit)",
                    "Value": "0.02",
                    "Unit": "Per Unit"
                  },
                  {
                    "Type": "Setup",
                    "Description": "Print Set Up per Colour (total)",
                    "Value": "0.00",
                    "Unit": "Total"
                  },
                  {
                    "Type": "Additional Charge",
                    "Description": "Pantone Charge (total)",
                    "Value": "0.00",
                    "Unit": "Total"
                  },
                  {
                    "Type": "Carriage",
                    "Description": "Carriage to 1 UK Mainland Address (total)*Exc.Highlands",
                    "Value": "24.00",
                    "Unit": "Total"
                  }
                ]
              },
              {
                "Name": "Screen",
                "Quantity": "5000",
                "PriceDetails": [
                  {
                    "Type": "Product",
                    "Description": "Printed 1 Colour 1 Side (per product)",
                    "Value": "0.41",
                    "Unit": "Per Unit"
                  },
                  {
                    "Type": "Additional Charge",
                    "Description": "Additional Print Charge per Colour per Position (per unit)",
                    "Value": "0.02",
                    "Unit": "Per Unit"
                  },
                  {
                    "Type": "Setup",
                    "Description": "Print Set Up per Colour (total)",
                    "Value": "0.00",
                    "Unit": "Total"
                  },
                  {
                    "Type": "Additional Charge",
                    "Description": "Pantone Charge (total)",
                    "Value": "0.00",
                    "Unit": "Total"
                  },
                  {
                    "Type": "Carriage",
                    "Description": "Carriage to 1 UK Mainland Address (total)*Exc.Highlands",
                    "Value": "40.00",
                    "Unit": "Total"
                  }
                ]
              },
              {
                "Name": "Screen",
                "Quantity": "10000",
                "PriceDetails": [
                  {
                    "Type": "Product",
                    "Description": "Printed 1 Colour 1 Side (per product)",
                    "Value": "0.40",
                    "Unit": "Per Unit"
                  },
                  {
                    "Type": "Additional Charge",
                    "Description": "Additional Print Charge per Colour per Position (per unit)",
                    "Value": "0.02",
                    "Unit": "Per Unit"
                  },
                  {
                    "Type": "Setup",
                    "Description": "Print Set Up per Colour (total)",
                    "Value": "0.00",
                    "Unit": "Total"
                  },
                  {
                    "Type": "Additional Charge",
                    "Description": "Pantone Charge (total)",
                    "Value": "0.00",
                    "Unit": "Total"
                  },
                  {
                    "Type": "Carriage",
                    "Description": "Carriage to 1 UK Mainland Address (total)*Exc.Highlands",
                    "Value": "70.00",
                    "Unit": "Total"
                  }
                ]
              },
              {
                "Name": "Screen",
                "Quantity": "25000",
                "PriceDetails": [
                  {
                    "Type": "Product",
                    "Description": "Printed 1 Colour 1 Side (per product)",
                    "Value": "0.37",
                    "Unit": "Per Unit"
                  },
                  {
                    "Type": "Additional Charge",
                    "Description": "Additional Print Charge per Colour per Position (per unit)",
                    "Value": "0.02",
                    "Unit": "Per Unit"
                  },
                  {
                    "Type": "Setup",
                    "Description": "Print Set Up per Colour (total)",
                    "Value": "0.00",
                    "Unit": "Total"
                  },
                  {
                    "Type": "Additional Charge",
                    "Description": "Pantone Charge (total)",
                    "Value": "0.00",
                    "Unit": "Total"
                  },
                  {
                    "Type": "Carriage",
                    "Description": "Carriage to 1 UK Mainland Address (total)*Exc.Highlands",
                    "Value": "110.00",
                    "Unit": "Total"
                  }
                ]
              }
            ]
          },
          "LeadTime": "15 working days",
          "EndUserWebsite": "https://www.promobestsellers.co.uk/product/15mm-plant-silk-lanyard"
        },
        {
          "ProductName": "20mm Plant Silk Lanyard",
          "ProductCode": "PSL20",
          "Description": "A textured plant silk lanyard screen printed with up to 4 spot colours on 1 or both sides. This biodegradable material produced using plant stems recycled from grain crops offers a more sustainable alternative to conventional plastic-based fabrics.\nFitted with a black plastic safety break and metal trigger clip.\nAvailable in off-white as standard or pantone matched at an additional cost.\n3 standard sizes: 10/15/20mm.\nOptional extras: additional spot colours/alternative fittings/pantone matching.\nLanyards help hold and display ID badges or security passes and carry small items like keys. They're used day-to-day by many organisations and for all sorts of special occasions, from conferences and exhibitions to sports and entertainment events. This makes them an affordable and highly effective marketing tool.",
          "Colours": {
            "Colour": ["off-white", "pantone matched at an additional cost"]
          },
          "Material": "plant silk",
          "Size": "20mm  x 900mm ",
          "Branding": "1 side",
          "Height": "16",
          "Width": "370",
          "DimensionUnit": "mm",
          "Weight": "15",
          "WeightUnit": "g",
          "Images": {
            "Image": [
              "https://www.preseli.biz/uploads/shop/large/1274215mm-Plant-silk-lanyard.jpg",
              "https://www.preseli.biz/uploads/shop/large/24047PSL20-20mm-plant-silk-lanyard-2.jpg",
              "https://www.preseli.biz/uploads/shop/large/Eco-lanyards_fabric-comparison.jpg"
            ]
          },
          "Artwork": "https://www.preseli.biz/uploads/shop/artwork/PSL20%2020mm%20Plant%20silk%20lanyard.pdf",
          "DataSheet": "https://www.preseli.biz/datasheet.php?product_id=4",
          "Prices": {
            "Price": [
              {
                "Name": "Screen",
                "Quantity": "100",
                "PriceDetails": [
                  {
                    "Type": "Product",
                    "Description": "Printed 1 Colour 1 Side (per product)",
                    "Value": "0.88",
                    "Unit": "Per Unit"
                  },
                  {
                    "Type": "Additional Charge",
                    "Description": "Additional Print Charge per Colour per Position (per unit)",
                    "Value": "0.02",
                    "Unit": "Per Unit"
                  },
                  {
                    "Type": "Setup",
                    "Description": "Print Set Up per Colour (total)",
                    "Value": "20.00",
                    "Unit": "Total"
                  },
                  {
                    "Type": "Additional Charge",
                    "Description": "Pantone Charge (total)",
                    "Value": "25.00",
                    "Unit": "Total"
                  },
                  {
                    "Type": "Carriage",
                    "Description": "Carriage to 1 UK Mainland Address (total)*Exc.Highlands",
                    "Value": "10.00",
                    "Unit": "Total"
                  }
                ]
              },
              {
                "Name": "Screen",
                "Quantity": "250",
                "PriceDetails": [
                  {
                    "Type": "Product",
                    "Description": "Printed 1 Colour 1 Side (per product)",
                    "Value": "0.71",
                    "Unit": "Per Unit"
                  },
                  {
                    "Type": "Additional Charge",
                    "Description": "Additional Print Charge per Colour per Position (per unit)",
                    "Value": "0.02",
                    "Unit": "Per Unit"
                  },
                  {
                    "Type": "Setup",
                    "Description": "Print Set Up per Colour (total)",
                    "Value": "20.00",
                    "Unit": "Total"
                  },
                  {
                    "Type": "Additional Charge",
                    "Description": "Pantone Charge (total)",
                    "Value": "25.00",
                    "Unit": "Total"
                  },
                  {
                    "Type": "Carriage",
                    "Description": "Carriage to 1 UK Mainland Address (total)*Exc.Highlands",
                    "Value": "10.00",
                    "Unit": "Total"
                  }
                ]
              },
              {
                "Name": "Screen",
                "Quantity": "500",
                "PriceDetails": [
                  {
                    "Type": "Product",
                    "Description": "Printed 1 Colour 1 Side (per product)",
                    "Value": "0.63",
                    "Unit": "Per Unit"
                  },
                  {
                    "Type": "Additional Charge",
                    "Description": "Additional Print Charge per Colour per Position (per unit)",
                    "Value": "0.02",
                    "Unit": "Per Unit"
                  },
                  {
                    "Type": "Setup",
                    "Description": "Print Set Up per Colour (total)",
                    "Value": "20.00",
                    "Unit": "Total"
                  },
                  {
                    "Type": "Additional Charge",
                    "Description": "Pantone Charge (total)",
                    "Value": "25.00",
                    "Unit": "Total"
                  },
                  {
                    "Type": "Carriage",
                    "Description": "Carriage to 1 UK Mainland Address (total)*Exc.Highlands",
                    "Value": "10.00",
                    "Unit": "Total"
                  }
                ]
              },
              {
                "Name": "Screen",
                "Quantity": "1000",
                "PriceDetails": [
                  {
                    "Type": "Product",
                    "Description": "Printed 1 Colour 1 Side (per product)",
                    "Value": "0.51",
                    "Unit": "Per Unit"
                  },
                  {
                    "Type": "Additional Charge",
                    "Description": "Additional Print Charge per Colour per Position (per unit)",
                    "Value": "0.02",
                    "Unit": "Per Unit"
                  },
                  {
                    "Type": "Setup",
                    "Description": "Print Set Up per Colour (total)",
                    "Value": "20.00",
                    "Unit": "Total"
                  },
                  {
                    "Type": "Additional Charge",
                    "Description": "Pantone Charge (total)",
                    "Value": "25.00",
                    "Unit": "Total"
                  },
                  {
                    "Type": "Carriage",
                    "Description": "Carriage to 1 UK Mainland Address (total)*Exc.Highlands",
                    "Value": "10.00",
                    "Unit": "Total"
                  }
                ]
              },
              {
                "Name": "Screen",
                "Quantity": "2500",
                "PriceDetails": [
                  {
                    "Type": "Product",
                    "Description": "Printed 1 Colour 1 Side (per product)",
                    "Value": "0.49",
                    "Unit": "Per Unit"
                  },
                  {
                    "Type": "Additional Charge",
                    "Description": "Additional Print Charge per Colour per Position (per unit)",
                    "Value": "0.02",
                    "Unit": "Per Unit"
                  },
                  {
                    "Type": "Setup",
                    "Description": "Print Set Up per Colour (total)",
                    "Value": "0.00",
                    "Unit": "Total"
                  },
                  {
                    "Type": "Additional Charge",
                    "Description": "Pantone Charge (total)",
                    "Value": "0.00",
                    "Unit": "Total"
                  },
                  {
                    "Type": "Carriage",
                    "Description": "Carriage to 1 UK Mainland Address (total)*Exc.Highlands",
                    "Value": "24.00",
                    "Unit": "Total"
                  }
                ]
              },
              {
                "Name": "Screen",
                "Quantity": "5000",
                "PriceDetails": [
                  {
                    "Type": "Product",
                    "Description": "Printed 1 Colour 1 Side (per product)",
                    "Value": "0.47",
                    "Unit": "Per Unit"
                  },
                  {
                    "Type": "Additional Charge",
                    "Description": "Additional Print Charge per Colour per Position (per unit)",
                    "Value": "0.02",
                    "Unit": "Per Unit"
                  },
                  {
                    "Type": "Setup",
                    "Description": "Print Set Up per Colour (total)",
                    "Value": "0.00",
                    "Unit": "Total"
                  },
                  {
                    "Type": "Additional Charge",
                    "Description": "Pantone Charge (total)",
                    "Value": "0.00",
                    "Unit": "Total"
                  },
                  {
                    "Type": "Carriage",
                    "Description": "Carriage to 1 UK Mainland Address (total)*Exc.Highlands",
                    "Value": "40.00",
                    "Unit": "Total"
                  }
                ]
              },
              {
                "Name": "Screen",
                "Quantity": "10000",
                "PriceDetails": [
                  {
                    "Type": "Product",
                    "Description": "Printed 1 Colour 1 Side (per product)",
                    "Value": "0.46",
                    "Unit": "Per Unit"
                  },
                  {
                    "Type": "Additional Charge",
                    "Description": "Additional Print Charge per Colour per Position (per unit)",
                    "Value": "0.02",
                    "Unit": "Per Unit"
                  },
                  {
                    "Type": "Setup",
                    "Description": "Print Set Up per Colour (total)",
                    "Value": "0.00",
                    "Unit": "Total"
                  },
                  {
                    "Type": "Additional Charge",
                    "Description": "Pantone Charge (total)",
                    "Value": "0.00",
                    "Unit": "Total"
                  },
                  {
                    "Type": "Carriage",
                    "Description": "Carriage to 1 UK Mainland Address (total)*Exc.Highlands",
                    "Value": "70.00",
                    "Unit": "Total"
                  }
                ]
              },
              {
                "Name": "Screen",
                "Quantity": "25000",
                "PriceDetails": [
                  {
                    "Type": "Product",
                    "Description": "Printed 1 Colour 1 Side (per product)",
                    "Value": "0.44",
                    "Unit": "Per Unit"
                  },
                  {
                    "Type": "Additional Charge",
                    "Description": "Additional Print Charge per Colour per Position (per unit)",
                    "Value": "0.02",
                    "Unit": "Per Unit"
                  },
                  {
                    "Type": "Setup",
                    "Description": "Print Set Up per Colour (total)",
                    "Value": "0.00",
                    "Unit": "Total"
                  },
                  {
                    "Type": "Additional Charge",
                    "Description": "Pantone Charge (total)",
                    "Value": "0.00",
                    "Unit": "Total"
                  },
                  {
                    "Type": "Carriage",
                    "Description": "Carriage to 1 UK Mainland Address (total)*Exc.Highlands",
                    "Value": "110.00",
                    "Unit": "Total"
                  }
                ]
              }
            ]
          },
          "LeadTime": "15 working days",
          "EndUserWebsite": "https://www.promobestsellers.co.uk/product/20mm-plant-silk-lanyard"
        }
      ]
    }
  },
  "catalogue": {
    "GET": "https://api.preseli.biz/catalogue/v1/getcatalogue",
    "Response": {
      "Catalogue": {
        "Section": [
          {
            "ID": "379",
            "Name": "Rubik's"
          },
          {
            "ID": "420",
            "Name": "Magic Concepts"
          },
          {
            "ID": "41",
            "Name": "Lanyards"
          },
          {
            "ID": "112",
            "Name": "Badges/Medals"
          },
          {
            "ID": "148",
            "Name": "Keyrings"
          },
          {
            "ID": "98",
            "Name": "Wearables"
          },
          {
            "ID": "113",
            "Name": "Wristbands"
          },
          {
            "ID": "170",
            "Name": "Home/Leisure"
          },
          {
            "ID": "11",
            "Name": "Umbrellas"
          },
          {
            "ID": "9",
            "Name": "Office"
          },
          {
            "ID": "146",
            "Name": "Cases/Bags"
          },
          {
            "ID": "151",
            "Name": "Tech Accessories"
          },
          {
            "ID": "371",
            "Name": "Eco Friendlier Products"
          },
          {
            "ID": "533",
            "Name": "Offers"
          },
          {
            "ID": "498",
            "Name": "New Products"
          },
          {
            "ID": "all",
            "Name": "All products across all categories"
          }
        ]
      }
    }
  }
}
