{
	"Products":{
		"GET": "https://feeds.xindao.com/Feeds/Download/[UNIQUE_KEY_OF_PRODUCTS_DATA]/Xindao.V5.Products-en-gb",
		"Response": [
			{
				"FeedCreatedDateTime": "2025-04-25T07:19:41.0264026+02:00",
				"ItemDataLastModifiedDateTime": "2025-04-09T22:00:10.3480696Z",
				"ModelCode": "V10200",
				"ItemCode": "102001",
				"ProductLifeCycle": "Outlet",
				"IntroDate": "2022-12-30T00:00:00",
				"ItemName": "VINGA Cott RCS RPET water bottle",
				"LongDescription": "Stylish and minimalist water bottle made from 100% RCS certified RPET. Stay hydrated on the go with this handy water bottle, no matter the occasion. Large opening for easy cleaning. Hand wash only. This product is for cold drinks only. Total recycled content: 98% based on total item weight. BPA free.",
				"Brand": "Vinga",
				"MainCategory": "Drinkware",
				"SubCategory": "Water bottles",
				"Material": "rPET",
				"Color": "grey",
				"PMSColor1": "Cool Grey 9",
				"HexColor1": "8C8984",
				"ItemHeightCM": 21.50,
				"ItemDiameterCM": 6.50,
				"ItemDimensions": "21.5 x ø 6.5 cm",
				"ItemWeightNetGr": 125.00,
				"ItemWeightGrossGr": 131.00,
				"CountryOfOrigin": "CHN",
				"CommodityCode": "3924900090",
				"EANCode": "7332931032984",
				"PackagingTypeItem": "Polybag and bulk",
				"ItemBoxLengthCM": 32.00,
				"ItemBoxWidthCM": 16.00,
				"ItemBoxHeightCM": 20.00,
				"ItemBoxDimensions": "32 x 16 x 20 cm",
				"OuterCartonLengthCM": 41.50,
				"OuterCartonWidthCM": 28.00,
				"OuterCartonHeightCM": 45.00,
				"OuterCartonDimensions": "41.5 x 28 x 45 cm",
				"OuterCartonWeightNetKG": 6.3,
				"OuterCartonWeightGrossKG": 7.3,
				"InnerboxQty": 1,
				"OuterCartonQty": 48,
				"RestrictedCountriesForSale": "NOR,SWE,ALA",
				"Compliance": "Bisphenol A free materials used, Conform Food safe directive 1935/2004/EC & 2020/1245, Certificate of Recycled Claim Standard",
				"Certifications": "https://static.xdconnects.com/ProductCertificates/Declaration of compliance V10200__f194503d4479460d9fc760010d32c18a.pdf, https://static.xdconnects.com/ProductCertificates/Statement of compliance V10200__61428cae599544a68b0de8a01e7645ba.pdf",
				"Social Audits": "SMETA,BSCI",
				"Eco": true,
				"Traceability": "RCS Blended",
				"Recycled Content Percent": 98.00,
				"Product Box net weight plastic GR": 2.0,
				"Product Box net weight other GR": 4.0,
				"Product Box gross weight GR": 6.0,
				"Leak Prevention": "Spillproof",
				"Insulation": "Plastic",
				"HoursHot": 2,
				"HoursCold": 4,
				"ContentVolumeLiters": 0.60,
				"Total CO2 emissions": 0.43,
				"Total CO2 emissions benchmark": 0.62,
				"LCA Total CO2 Kg emissions": 0.43,
				"LCA Total CO2 Kg emissions benchmark": 0.62,
				"LCA CO2 Gr Material and Production": 333.58,
				"LCA CO2 Gr Packaging": 8.40,
				"LCA CO2 Gr Transport": 37.66,
				"LCA CO2 Gr EOL": 49.22,
				"LCA CO2 Percent Material and Production": 77.78,
				"LCA CO2 Percent Packaging": 1.96,
				"LCA CO2 Percent Transport": 8.78,
				"LCA CO2 Percent EOL": 11.48,
				"AllImages": "https://static.xdconnects.com/ProductImages/Large/102001__S_0__e9a05b85663444d48b89f3381f881d21.jpg, https://static.xdconnects.com/ProductImages/Large/102001__B_1__087a6be7628d40e9a6ad486630493cbd.jpg, https://static.xdconnects.com/ProductImages/Large/102001__B_2__91c7a1182fff4b99b3b2ebb818c300b5.jpg, https://static.xdconnects.com/ProductImages/Large/102001__D_100__b64789700e874f36a994215cfeb55987.jpg",
				"MainImage": "https://static.xdconnects.com/ProductImages/Large/102001__S_0__e9a05b85663444d48b89f3381f881d21.jpg",
				"MainImage Neutral": "https://static.xdconnects.com/ProductImages/Large/102001__B_1__087a6be7628d40e9a6ad486630493cbd.jpg",
				"ExtraImage1": "https://static.xdconnects.com/ProductImages/Large/102001__B_2__91c7a1182fff4b99b3b2ebb818c300b5.jpg",
				"ImagePrint": "https://static.xdconnects.com/ProductImages/Large/102001__D_100__b64789700e874f36a994215cfeb55987.jpg",
				"AllPrintCodes": "Pad Print Drinkware,Digital round 360-2,SilkScreen Round,Doming",
				"PrintCodeDefault": "Pad Print Drinkware",
				"PrintTechniqueDefault": "Pad print",
				"PrintPositionDefault": "item front middle",
				"MaxPrintWidthDefaultMM": 25.00,
				"MaxPrintHeightDefaultMM": 70.00,
				"MaxPrintAreaDefault": "25 x 70 mm",
				"MaxColorsDefault": 5,
				"LineDrawingDefault": "https://static.xdconnects.com/ProductDecorationImages/102001__PadPrintDrinkware_itemfrontmiddle__89bb52a30883412eb0221b7d840897fe.png",
				"VariableDataPrinting": true,
				"GiftWrappingPossible": true
			},
			{
				"FeedCreatedDateTime": "2025-04-25T07:19:41.0264026+02:00",
				"ItemDataLastModifiedDateTime": "2025-04-09T22:00:10.3480696Z",
				"ModelCode": "V10200",
				"ItemCode": "102002",
				"ProductLifeCycle": "Outlet",
				"IntroDate": "2022-12-30T00:00:00",
				"ItemName": "VINGA Cott RCS RPET water bottle",
				"LongDescription": "Stylish and minimalist water bottle made from 100% RCS certified RPET. Stay hydrated on the go with this handy water bottle, no matter the occasion. Large opening for easy cleaning. Hand wash only. This product is for cold drinks only. Total recycled content: 98% based on total item weight. BPA free.",
				"Brand": "Vinga",
				"MainCategory": "Drinkware",
				"SubCategory": "Water bottles",
				"Material": "rPET",
				"Color": "transparent",
				"PMSColor1": "Transparent",
				"HexColor1": "FFFFFF",
				"ItemHeightCM": 21.50,
				"ItemDiameterCM": 6.50,
				"ItemDimensions": "21.5 x ø 6.5 cm",
				"ItemWeightNetGr": 125.00,
				"ItemWeightGrossGr": 131.00,
				"CountryOfOrigin": "CHN",
				"CommodityCode": "3924900090",
				"EANCode": "7332931034216",
				"PackagingTypeItem": "Polybag and bulk",
				"ItemBoxLengthCM": 32.00,
				"ItemBoxWidthCM": 16.00,
				"ItemBoxHeightCM": 20.00,
				"ItemBoxDimensions": "32 x 16 x 20 cm",
				"OuterCartonLengthCM": 41.50,
				"OuterCartonWidthCM": 28.00,
				"OuterCartonHeightCM": 45.00,
				"OuterCartonDimensions": "41.5 x 28 x 45 cm",
				"OuterCartonWeightNetKG": 6.3,
				"OuterCartonWeightGrossKG": 7.3,
				"InnerboxQty": 1,
				"OuterCartonQty": 48,
				"RestrictedCountriesForSale": "NOR,SWE,ALA",
				"Compliance": "Bisphenol A free materials used, Conform Food safe directive 1935/2004/EC & 2020/1245, Certificate of Recycled Claim Standard",
				"Certifications": "https://static.xdconnects.com/ProductCertificates/Declaration of compliance V10200__f194503d4479460d9fc760010d32c18a.pdf, https://static.xdconnects.com/ProductCertificates/Statement of compliance V10200__61428cae599544a68b0de8a01e7645ba.pdf",
				"Social Audits": "SMETA,BSCI",
				"Eco": true,
				"Traceability": "RCS Blended",
				"Recycled Content Percent": 98.00,
				"Product Box net weight plastic GR": 2.0,
				"Product Box net weight other GR": 4.0,
				"Product Box gross weight GR": 6.0,
				"Leak Prevention": "Spillproof",
				"Insulation": "Plastic",
				"HoursHot": 2,
				"HoursCold": 4,
				"ContentVolumeLiters": 0.60,
				"Total CO2 emissions": 0.43,
				"Total CO2 emissions benchmark": 0.62,
				"LCA Total CO2 Kg emissions": 0.43,
				"LCA Total CO2 Kg emissions benchmark": 0.62,
				"LCA CO2 Gr Material and Production": 333.58,
				"LCA CO2 Gr Packaging": 8.40,
				"LCA CO2 Gr Transport": 37.66,
				"LCA CO2 Gr EOL": 49.22,
				"LCA CO2 Percent Material and Production": 77.78,
				"LCA CO2 Percent Packaging": 1.96,
				"LCA CO2 Percent Transport": 8.78,
				"LCA CO2 Percent EOL": 11.48,
				"AllImages": "https://static.xdconnects.com/ProductImages/Large/102002__S_0__f440d0136efe435eba0b25f2211856e0.jpg, https://static.xdconnects.com/ProductImages/Large/102002__B_1__f36070999abf4d768c5456daeec20fd9.jpg, https://static.xdconnects.com/ProductImages/Large/102002__B_2__920c78ffc80645a2a25507ab3a5e1efe.jpg, https://static.xdconnects.com/ProductImages/Large/102002__D_100__aebba1875df745c4954a6173cd5eb006.jpg",
				"MainImage": "https://static.xdconnects.com/ProductImages/Large/102002__S_0__f440d0136efe435eba0b25f2211856e0.jpg",
				"MainImage Neutral": "https://static.xdconnects.com/ProductImages/Large/102002__B_1__f36070999abf4d768c5456daeec20fd9.jpg",
				"ExtraImage1": "https://static.xdconnects.com/ProductImages/Large/102002__B_2__920c78ffc80645a2a25507ab3a5e1efe.jpg",
				"ImagePrint": "https://static.xdconnects.com/ProductImages/Large/102002__D_100__aebba1875df745c4954a6173cd5eb006.jpg",
				"AllPrintCodes": "Pad Print Drinkware,Doming,SilkScreen Round,Digital round 360-2",
				"PrintCodeDefault": "Pad Print Drinkware",
				"PrintTechniqueDefault": "Pad print",
				"PrintPositionDefault": "item front middle",
				"MaxPrintWidthDefaultMM": 25.00,
				"MaxPrintHeightDefaultMM": 70.00,
				"MaxPrintAreaDefault": "25 x 70 mm",
				"MaxColorsDefault": 5,
				"LineDrawingDefault": "https://static.xdconnects.com/ProductDecorationImages/102002__PadPrintDrinkware_itemfrontmiddle__63585019d1fd4e2d9307d5210e4818cb.png",
				"VariableDataPrinting": true,
				"GiftWrappingPossible": true
			},
			{
				"FeedCreatedDateTime": "2025-04-25T07:19:41.0264026+02:00",
				"ItemDataLastModifiedDateTime": "2025-04-09T22:00:10.3480696Z",
				"ModelCode": "V10200",
				"ItemCode": "102004",
				"ProductLifeCycle": "Outlet",
				"IntroDate": "2022-12-30T00:00:00",
				"ItemName": "VINGA Cott RCS RPET water bottle",
				"LongDescription": "Stylish and minimalist water bottle made from 100% RCS certified RPET. Stay hydrated on the go with this handy water bottle, no matter the occasion. Large opening for easy cleaning. Hand wash only. This product is for cold drinks only. Total recycled content: 98% based on total item weight. BPA free.",
				"Brand": "Vinga",
				"MainCategory": "Drinkware",
				"SubCategory": "Water bottles",
				"Material": "rPET",
				"Color": "green",
				"PMSColor1": "2291",
				"HexColor1": "A7D500",
				"ItemHeightCM": 21.50,
				"ItemDiameterCM": 6.50,
				"ItemDimensions": "21.5 x ø 6.5 cm",
				"ItemWeightNetGr": 125.00,
				"ItemWeightGrossGr": 131.00,
				"CountryOfOrigin": "CHN",
				"CommodityCode": "3924900090",
				"EANCode": "7332931033202",
				"PackagingTypeItem": "Polybag and bulk",
				"ItemBoxLengthCM": 32.00,
				"ItemBoxWidthCM": 16.00,
				"ItemBoxHeightCM": 20.00,
				"ItemBoxDimensions": "32 x 16 x 20 cm",
				"OuterCartonLengthCM": 41.50,
				"OuterCartonWidthCM": 28.00,
				"OuterCartonHeightCM": 45.00,
				"OuterCartonDimensions": "41.5 x 28 x 45 cm",
				"OuterCartonWeightNetKG": 6.3,
				"OuterCartonWeightGrossKG": 7.3,
				"InnerboxQty": 1,
				"OuterCartonQty": 48,
				"RestrictedCountriesForSale": "NOR,SWE,ALA",
				"Compliance": "Bisphenol A free materials used, Conform Food safe directive 1935/2004/EC & 2020/1245, Certificate of Recycled Claim Standard",
				"Certifications": "https://static.xdconnects.com/ProductCertificates/Declaration of compliance V10200__f194503d4479460d9fc760010d32c18a.pdf, https://static.xdconnects.com/ProductCertificates/Statement of compliance V10200__61428cae599544a68b0de8a01e7645ba.pdf",
				"Social Audits": "SMETA,BSCI",
				"Eco": true,
				"Traceability": "RCS Blended",
				"Recycled Content Percent": 98.00,
				"Product Box net weight plastic GR": 2.0,
				"Product Box net weight other GR": 4.0,
				"Product Box gross weight GR": 6.0,
				"Leak Prevention": "Spillproof",
				"Insulation": "Plastic",
				"HoursHot": 2,
				"HoursCold": 4,
				"ContentVolumeLiters": 0.60,
				"Total CO2 emissions": 0.43,
				"Total CO2 emissions benchmark": 0.62,
				"LCA Total CO2 Kg emissions": 0.43,
				"LCA Total CO2 Kg emissions benchmark": 0.62,
				"LCA CO2 Gr Material and Production": 333.58,
				"LCA CO2 Gr Packaging": 8.40,
				"LCA CO2 Gr Transport": 37.66,
				"LCA CO2 Gr EOL": 49.22,
				"LCA CO2 Percent Material and Production": 77.78,
				"LCA CO2 Percent Packaging": 1.96,
				"LCA CO2 Percent Transport": 8.78,
				"LCA CO2 Percent EOL": 11.48,
				"AllImages": "https://static.xdconnects.com/ProductImages/Large/102004__S_0__5fd7ff06d85241a3a7fc878231dbaa7a.jpg, https://static.xdconnects.com/ProductImages/Large/102004__B_1__6c788548585a4464a0716cdc32fd9e5c.jpg, https://static.xdconnects.com/ProductImages/Large/102004__B_2__c9ab98a242b24ee8a61481687291a737.jpg, https://static.xdconnects.com/ProductImages/Large/102004__D_100__1d906ed82f074dd5b4b248935a3495a5.jpg",
				"MainImage": "https://static.xdconnects.com/ProductImages/Large/102004__S_0__5fd7ff06d85241a3a7fc878231dbaa7a.jpg",
				"MainImage Neutral": "https://static.xdconnects.com/ProductImages/Large/102004__B_1__6c788548585a4464a0716cdc32fd9e5c.jpg",
				"ExtraImage1": "https://static.xdconnects.com/ProductImages/Large/102004__B_2__c9ab98a242b24ee8a61481687291a737.jpg",
				"ImagePrint": "https://static.xdconnects.com/ProductImages/Large/102004__D_100__1d906ed82f074dd5b4b248935a3495a5.jpg",
				"AllPrintCodes": "Pad Print Drinkware,Doming,SilkScreen Round,Digital round 360-2",
				"PrintCodeDefault": "Pad Print Drinkware",
				"PrintTechniqueDefault": "Pad print",
				"PrintPositionDefault": "item front middle",
				"MaxPrintWidthDefaultMM": 25.00,
				"MaxPrintHeightDefaultMM": 70.00,
				"MaxPrintAreaDefault": "25 x 70 mm",
				"MaxColorsDefault": 5,
				"LineDrawingDefault": "https://static.xdconnects.com/ProductDecorationImages/102004__PadPrintDrinkware_itemfrontmiddle__b4a05cf750c5414e8bb12ea5957e10c5.png",
				"VariableDataPrinting": true,
				"GiftWrappingPossible": true
			},
			{
				"FeedCreatedDateTime": "2025-04-25T07:19:41.0264026+02:00",
				"ItemDataLastModifiedDateTime": "2025-04-09T22:00:10.3480696Z",
				"ModelCode": "V10200",
				"ItemCode": "102005",
				"ProductLifeCycle": "Outlet",
				"IntroDate": "2022-12-30T00:00:00",
				"ItemName": "VINGA Cott RCS RPET water bottle",
				"LongDescription": "Stylish and minimalist water bottle made from 100% RCS certified RPET. Stay hydrated on the go with this handy water bottle, no matter the occasion. Large opening for easy cleaning. Hand wash only. This product is for cold drinks only. Total recycled content: 98% based on total item weight. BPA free.",
				"Brand": "Vinga",
				"MainCategory": "Drinkware",
				"SubCategory": "Water bottles",
				"Material": "rPET",
				"Color": "orange",
				"PMSColor1": "151",
				"HexColor1": "F77F00",
				"ItemHeightCM": 21.50,
				"ItemDiameterCM": 6.50,
				"ItemDimensions": "21.5 x ø 6.5 cm",
				"ItemWeightNetGr": 125.00,
				"ItemWeightGrossGr": 131.00,
				"CountryOfOrigin": "CHN",
				"CommodityCode": "3924900090",
				"EANCode": "7332931033226",
				"PackagingTypeItem": "Polybag and bulk",
				"ItemBoxLengthCM": 32.00,
				"ItemBoxWidthCM": 16.00,
				"ItemBoxHeightCM": 20.00,
				"ItemBoxDimensions": "32 x 16 x 20 cm",
				"OuterCartonLengthCM": 41.50,
				"OuterCartonWidthCM": 28.00,
				"OuterCartonHeightCM": 45.00,
				"OuterCartonDimensions": "41.5 x 28 x 45 cm",
				"OuterCartonWeightNetKG": 6.3,
				"OuterCartonWeightGrossKG": 7.3,
				"InnerboxQty": 1,
				"OuterCartonQty": 48,
				"RestrictedCountriesForSale": "NOR,SWE,ALA",
				"Compliance": "Bisphenol A free materials used, Conform Food safe directive 1935/2004/EC & 2020/1245, Certificate of Recycled Claim Standard",
				"Certifications": "https://static.xdconnects.com/ProductCertificates/Declaration of compliance V10200__f194503d4479460d9fc760010d32c18a.pdf, https://static.xdconnects.com/ProductCertificates/Statement of compliance V10200__61428cae599544a68b0de8a01e7645ba.pdf",
				"Social Audits": "SMETA,BSCI",
				"Eco": true,
				"Traceability": "RCS Blended",
				"Recycled Content Percent": 98.00,
				"Product Box net weight plastic GR": 2.0,
				"Product Box net weight other GR": 4.0,
				"Product Box gross weight GR": 6.0,
				"Leak Prevention": "Spillproof",
				"Insulation": "Plastic",
				"HoursHot": 2,
				"HoursCold": 4,
				"ContentVolumeLiters": 0.60,
				"Total CO2 emissions": 0.43,
				"Total CO2 emissions benchmark": 0.62,
				"LCA Total CO2 Kg emissions": 0.43,
				"LCA Total CO2 Kg emissions benchmark": 0.62,
				"LCA CO2 Gr Material and Production": 333.58,
				"LCA CO2 Gr Packaging": 8.40,
				"LCA CO2 Gr Transport": 37.66,
				"LCA CO2 Gr EOL": 49.22,
				"LCA CO2 Percent Material and Production": 77.78,
				"LCA CO2 Percent Packaging": 1.96,
				"LCA CO2 Percent Transport": 8.78,
				"LCA CO2 Percent EOL": 11.48,
				"AllImages": "https://static.xdconnects.com/ProductImages/Large/102005__S_0__7c05669620ce41f5b5e960c5ad520453.jpg, https://static.xdconnects.com/ProductImages/Large/102005__B_1__b53b5cd5ab1c4380a210b8d3d936216e.jpg, https://static.xdconnects.com/ProductImages/Large/102005__B_2__313ab8d52fd34783b763859115b4bcd5.jpg, https://static.xdconnects.com/ProductImages/Large/102005__D_100__cd175353186140368434c2ed6eacfd03.jpg, https://static.xdconnects.com/ProductImages/Large/102005__M_400__232d2fdf857d41549f2600ccdca6f3e6.jpg, https://static.xdconnects.com/ProductImages/Large/102005__M_401__d34bced01c9a41449ebb27528e3bdd24.jpg",
				"MainImage": "https://static.xdconnects.com/ProductImages/Large/102005__S_0__7c05669620ce41f5b5e960c5ad520453.jpg",
				"MainImage Neutral": "https://static.xdconnects.com/ProductImages/Large/102005__B_1__b53b5cd5ab1c4380a210b8d3d936216e.jpg",
				"ExtraImage1": "https://static.xdconnects.com/ProductImages/Large/102005__B_2__313ab8d52fd34783b763859115b4bcd5.jpg",
				"ImagePrint": "https://static.xdconnects.com/ProductImages/Large/102005__D_100__cd175353186140368434c2ed6eacfd03.jpg",
				"ImageMood1": "https://static.xdconnects.com/ProductImages/Large/102005__M_400__232d2fdf857d41549f2600ccdca6f3e6.jpg",
				"ImageMood2": "https://static.xdconnects.com/ProductImages/Large/102005__M_401__d34bced01c9a41449ebb27528e3bdd24.jpg",
				"AllPrintCodes": "Pad Print Drinkware,Digital round 360-2,SilkScreen Round,Doming",
				"PrintCodeDefault": "Pad Print Drinkware",
				"PrintTechniqueDefault": "Pad print",
				"PrintPositionDefault": "item front middle",
				"MaxPrintWidthDefaultMM": 25.00,
				"MaxPrintHeightDefaultMM": 70.00,
				"MaxPrintAreaDefault": "25 x 70 mm",
				"MaxColorsDefault": 5,
				"LineDrawingDefault": "https://static.xdconnects.com/ProductDecorationImages/102005__PadPrintDrinkware_itemfrontmiddle__0e31693680674b2f8ecd1df74c0db2ee.png",
				"VariableDataPrinting": true,
				"GiftWrappingPossible": true
			},
			{
				"FeedCreatedDateTime": "2025-04-25T07:19:41.0264026+02:00",
				"ItemDataLastModifiedDateTime": "2025-04-09T22:00:10.3480696Z",
				"ModelCode": "V10200",
				"ItemCode": "102006",
				"ProductLifeCycle": "Outlet",
				"IntroDate": "2022-12-30T00:00:00",
				"ItemName": "VINGA Cott RCS RPET water bottle",
				"LongDescription": "Stylish and minimalist water bottle made from 100% RCS certified RPET. Stay hydrated on the go with this handy water bottle, no matter the occasion. Large opening for easy cleaning. Hand wash only. This product is for cold drinks only. Total recycled content: 98% based on total item weight. BPA free.",
				"Brand": "Vinga",
				"MainCategory": "Drinkware",
				"SubCategory": "Water bottles",
				"Material": "rPET",
				"Color": "blue",
				"PMSColor1": "2384",
				"HexColor1": "0061A0",
				"ItemHeightCM": 21.50,
				"ItemDiameterCM": 6.50,
				"ItemDimensions": "21.5 x ø 6.5 cm",
				"ItemWeightNetGr": 125.00,
				"ItemWeightGrossGr": 131.00,
				"CountryOfOrigin": "CHN",
				"CommodityCode": "3924900090",
				"EANCode": "7332931033219",
				"PackagingTypeItem": "Polybag and bulk",
				"ItemBoxLengthCM": 32.00,
				"ItemBoxWidthCM": 16.00,
				"ItemBoxHeightCM": 20.00,
				"ItemBoxDimensions": "32 x 16 x 20 cm",
				"OuterCartonLengthCM": 41.50,
				"OuterCartonWidthCM": 28.00,
				"OuterCartonHeightCM": 45.00,
				"OuterCartonDimensions": "41.5 x 28 x 45 cm",
				"OuterCartonWeightNetKG": 6.3,
				"OuterCartonWeightGrossKG": 7.3,
				"InnerboxQty": 1,
				"OuterCartonQty": 48,
				"RestrictedCountriesForSale": "NOR,SWE,ALA",
				"Compliance": "Bisphenol A free materials used, Conform Food safe directive 1935/2004/EC & 2020/1245, Certificate of Recycled Claim Standard",
				"Certifications": "https://static.xdconnects.com/ProductCertificates/Declaration of compliance V10200__f194503d4479460d9fc760010d32c18a.pdf, https://static.xdconnects.com/ProductCertificates/Statement of compliance V10200__61428cae599544a68b0de8a01e7645ba.pdf",
				"Social Audits": "SMETA,BSCI",
				"Eco": true,
				"Traceability": "RCS Blended",
				"Recycled Content Percent": 98.00,
				"Product Box net weight plastic GR": 2.0,
				"Product Box net weight other GR": 4.0,
				"Product Box gross weight GR": 6.0,
				"Leak Prevention": "Spillproof",
				"Insulation": "Plastic",
				"HoursHot": 2,
				"HoursCold": 4,
				"ContentVolumeLiters": 0.60,
				"Total CO2 emissions": 0.43,
				"Total CO2 emissions benchmark": 0.62,
				"LCA Total CO2 Kg emissions": 0.43,
				"LCA Total CO2 Kg emissions benchmark": 0.62,
				"LCA CO2 Gr Material and Production": 333.58,
				"LCA CO2 Gr Packaging": 8.40,
				"LCA CO2 Gr Transport": 37.66,
				"LCA CO2 Gr EOL": 49.22,
				"LCA CO2 Percent Material and Production": 77.78,
				"LCA CO2 Percent Packaging": 1.96,
				"LCA CO2 Percent Transport": 8.78,
				"LCA CO2 Percent EOL": 11.48,
				"AllImages": "https://static.xdconnects.com/ProductImages/Large/102006__S_0__115d1b32a34c4f74bde800356214701c.jpg, https://static.xdconnects.com/ProductImages/Large/102006__B_1__0aa716a22af847dfa97b26f92a0dd380.jpg, https://static.xdconnects.com/ProductImages/Large/102006__B_2__b30c5d628b54456fb6925cd73b8fb33a.jpg, https://static.xdconnects.com/ProductImages/Large/102006__D_100__9e72efa679394367a52c1a79f314a123.jpg",
				"MainImage": "https://static.xdconnects.com/ProductImages/Large/102006__S_0__115d1b32a34c4f74bde800356214701c.jpg",
				"MainImage Neutral": "https://static.xdconnects.com/ProductImages/Large/102006__B_1__0aa716a22af847dfa97b26f92a0dd380.jpg",
				"ExtraImage1": "https://static.xdconnects.com/ProductImages/Large/102006__B_2__b30c5d628b54456fb6925cd73b8fb33a.jpg",
				"ImagePrint": "https://static.xdconnects.com/ProductImages/Large/102006__D_100__9e72efa679394367a52c1a79f314a123.jpg",
				"AllPrintCodes": "Pad Print Drinkware,Doming,SilkScreen Round,Digital round 360-2",
				"PrintCodeDefault": "Pad Print Drinkware",
				"PrintTechniqueDefault": "Pad print",
				"PrintPositionDefault": "item front middle",
				"MaxPrintWidthDefaultMM": 25.00,
				"MaxPrintHeightDefaultMM": 70.00,
				"MaxPrintAreaDefault": "25 x 70 mm",
				"MaxColorsDefault": 5,
				"LineDrawingDefault": "https://static.xdconnects.com/ProductDecorationImages/102006__PadPrintDrinkware_itemfrontmiddle__f4805cd574ce4d1485b66101e026e3e0.png",
				"VariableDataPrinting": true,
				"GiftWrappingPossible": true
			},
			{
				"FeedCreatedDateTime": "2025-04-25T07:19:41.0264026+02:00",
				"ItemDataLastModifiedDateTime": "2025-04-03T13:37:25.4873486Z",
				"ModelCode": "V1021",
				"ItemCode": "102015",
				"ProductLifeCycle": "Current",
				"IntroDate": "2023-07-04T00:00:00",
				"ItemName": "VINGA Verso blanket",
				"LongDescription": "Beautiful blanket with a subtle geometric pattern that will look lovely in your home and blend seamlessly with any decor. Made of a synthetic material that is easy to keep clean without compromising on quality feel - the fabric is designed to mimic wool fibre for added comfort.",
				"Brand": "Vinga",
				"MainCategory": "Home & Living",
				"SubCategory": "Blankets",
				"Material": "Acrylic",
				"Color": "brown",
				"PMSColor1": "16-1315 TPG",
				"HexColor1": "A89173",
				"ItemLengthCM": 170.00,
				"ItemWidthCM": 130.00,
				"ItemHeightCM": 0.50,
				"ItemDimensions": "170 x 130 x 0.5 cm",
				"ItemWeightNetGr": 490.00,
				"ItemWeightGrossGr": 708.00,
				"CountryOfOrigin": "CHN",
				"CommodityCode": "6301409099",
				"EANCode": "7332931038498",
				"PackagingTypeItem": "Gift box",
				"ItemBoxLengthCM": 36.00,
				"ItemBoxWidthCM": 26.00,
				"ItemBoxHeightCM": 6.00,
				"ItemBoxDimensions": "36 x 26 x 6 cm",
				"OuterCartonLengthCM": 55.00,
				"OuterCartonWidthCM": 38.00,
				"OuterCartonHeightCM": 34.00,
				"OuterCartonDimensions": "55 x 38 x 34 cm",
				"OuterCartonWeightNetKG": 7.1,
				"OuterCartonWeightGrossKG": 8.1,
				"InnerboxQty": 1,
				"OuterCartonQty": 10,
				"RestrictedCountriesForSale": "NOR,SWE,ALA",
				"Compliance": "Conform AZO dye content directive 2002/61/EC, Conform Formaldahyde directive EN 14184-1, Conform PCP content directive 1999/51/EC",
				"Certifications": "https://static.xdconnects.com/ProductCertificates/Statement of compliance V1021__c1fb8b98cb4a48a5b9c26f82c69a3fec.pdf",
				"Social Audits": "BSCI",
				"Digital passport": "https://app.wearaware.co/product-passport/aw_qrnwrt/XDConnects-67209d32977163bc31db93e7-sbqlflata5x3stut1dwns412",
				"Product Box net weight plastic GR": 15.0,
				"Product Box net weight carton GR": 203.0,
				"Product Box gross weight GR": 218.0,
				"Fabric Grams per m2": 220.00,
				"Total CO2 emissions": 10.78,
				"LCA Total CO2 Kg emissions": 10.78,
				"LCA CO2 Gr Material and Production": 10021.35,
				"LCA CO2 Gr Packaging": 284.37,
				"LCA CO2 Gr Transport": 207.06,
				"LCA CO2 Gr EOL": 270.59,
				"LCA CO2 Percent Material and Production": 92.93,
				"LCA CO2 Percent Packaging": 2.64,
				"LCA CO2 Percent Transport": 1.92,
				"LCA CO2 Percent EOL": 2.51,
				"AllImages": "https://static.xdconnects.com/ProductImages/Large/102015__S_0__63908df1f2384d999e004fdbfb20d2f7.jpg, https://static.xdconnects.com/ProductImages/Large/102015__B_1__3e493bb52dba4937bae635515c0c4e82.jpg, https://static.xdconnects.com/ProductImages/Large/102015__B_2__84cdf9d873b14985bd8dafb1ce433e49.jpg, https://static.xdconnects.com/ProductImages/Large/102015__D_100__e88d0d70720745889d51ad2346542be5.jpg, https://static.xdconnects.com/ProductImages/Large/102015__M_400__941a616fc10b4384b2fef95763404b98.jpg, https://static.xdconnects.com/ProductImages/Large/102015__M_401__208e0a2af70f43f9b6ead6ed626a0ed0.jpg, https://static.xdconnects.com/ProductImages/Large/102015__M_402__10762fb4e87046bfafd5bbc4c4dec989.jpg, https://static.xdconnects.com/ProductImages/Large/102015__P_500__56adbaf62eed47caabaf7b221f2d784c.jpg",
				"MainImage": "https://static.xdconnects.com/ProductImages/Large/102015__S_0__63908df1f2384d999e004fdbfb20d2f7.jpg",
				"MainImage Neutral": "https://static.xdconnects.com/ProductImages/Large/102015__B_1__3e493bb52dba4937bae635515c0c4e82.jpg",
				"ExtraImage1": "https://static.xdconnects.com/ProductImages/Large/102015__B_2__84cdf9d873b14985bd8dafb1ce433e49.jpg",
				"ExtraImage2": "https://static.xdconnects.com/ProductImages/Large/102015__P_500__56adbaf62eed47caabaf7b221f2d784c.jpg",
				"ImagePrint": "https://static.xdconnects.com/ProductImages/Large/102015__D_100__e88d0d70720745889d51ad2346542be5.jpg",
				"ImageMood1": "https://static.xdconnects.com/ProductImages/Large/102015__M_400__941a616fc10b4384b2fef95763404b98.jpg",
				"ImageMood2": "https://static.xdconnects.com/ProductImages/Large/102015__M_401__208e0a2af70f43f9b6ead6ed626a0ed0.jpg",
				"ImageMood3": "https://static.xdconnects.com/ProductImages/Large/102015__M_402__10762fb4e87046bfafd5bbc4c4dec989.jpg",
				"AllPrintCodes": "Embroidery,Leather badge",
				"PrintCodeDefault": "Embroidery",
				"PrintTechniqueDefault": "Embroidery",
				"PrintPositionDefault": "item",
				"MaxPrintWidthDefaultMM": 200.00,
				"MaxPrintHeightDefaultMM": 120.00,
				"MaxPrintAreaDefault": "200 x 120 mm",
				"MaxColorsDefault": 12,
				"LineDrawingDefault": "https://static.xdconnects.com/ProductDecorationImages/102015__Embroidery_Item__9b45517b3567428d81b71c3bc7e6fd48.png",
				"VariableDataPrinting": true
			}
		]
	},
	"ProductPrices": {
		"GET": "https://feeds.xindao.com/Feeds/Download/[UNIQUE_KEY_OF_PRODUCT_PRICES]/Xindao.V2.ProductPrices-en-gb",
		"Response": [
			{
				"FeedCreatedDateTime": "2025-04-25T07:23:38.0914582+02:00",
				"ItemPriceLastModifiedDateTime": "2024-10-28T14:06:30Z",
				"Currency": "GBP",
				"ModelCode": "V10200",
				"ItemCode": "102001",
				"ItemName": "VINGA Cott RCS RPET water bottle, grey",
				"Outlet": true,
				"AllPrintCodes": "Pad Print Drinkware,Digital round 360-2,SilkScreen Round,Doming",
				"MOQBlankOrder": 1,
				"Qty1": 1,
				"Qty2": 100,
				"Qty3": 250,
				"Qty4": 500,
				"Qty5": 1000,
				"Qty6": 1500,
				"ItemPriceNet_Qty1": 2.82,
				"ItemPriceNet_Qty2": 2.75,
				"ItemPriceNet_Qty3": 2.67,
				"ItemPriceNet_Qty4": 2.60,
				"ItemPriceNet_Qty5": 2.55,
				"ItemPriceNet_Qty6": 2.50,
				"ItemPriceGross_Qty1": 5.23,
				"ItemPriceGross_Qty2": 5.09,
				"ItemPriceGross_Qty3": 4.95,
				"ItemPriceGross_Qty4": 4.82,
				"ItemPriceGross_Qty5": 4.72,
				"ItemPriceGross_Qty6": 4.63,
				"AdditionalCostDesc": "",
				"AdditionalCost": ""
			},
			{
				"FeedCreatedDateTime": "2025-04-25T07:23:38.0914582+02:00",
				"ItemPriceLastModifiedDateTime": "2024-10-28T14:06:30Z",
				"Currency": "GBP",
				"ModelCode": "V10200",
				"ItemCode": "102002",
				"ItemName": "VINGA Cott RCS RPET water bottle, transparent",
				"Outlet": true,
				"AllPrintCodes": "Pad Print Drinkware,Doming,SilkScreen Round,Digital round 360-2",
				"MOQBlankOrder": 1,
				"Qty1": 1,
				"Qty2": 100,
				"Qty3": 250,
				"Qty4": 500,
				"Qty5": 1000,
				"Qty6": 1500,
				"ItemPriceNet_Qty1": 2.82,
				"ItemPriceNet_Qty2": 2.75,
				"ItemPriceNet_Qty3": 2.67,
				"ItemPriceNet_Qty4": 2.60,
				"ItemPriceNet_Qty5": 2.55,
				"ItemPriceNet_Qty6": 2.50,
				"ItemPriceGross_Qty1": 5.23,
				"ItemPriceGross_Qty2": 5.09,
				"ItemPriceGross_Qty3": 4.95,
				"ItemPriceGross_Qty4": 4.82,
				"ItemPriceGross_Qty5": 4.72,
				"ItemPriceGross_Qty6": 4.63,
				"AdditionalCostDesc": "",
				"AdditionalCost": ""
			},
			{
				"FeedCreatedDateTime": "2025-04-25T07:23:38.0914582+02:00",
				"ItemPriceLastModifiedDateTime": "2024-10-28T14:06:31Z",
				"Currency": "GBP",
				"ModelCode": "V10200",
				"ItemCode": "102004",
				"ItemName": "VINGA Cott RCS RPET water bottle, green",
				"Outlet": true,
				"AllPrintCodes": "Pad Print Drinkware,Doming,SilkScreen Round,Digital round 360-2",
				"MOQBlankOrder": 1,
				"Qty1": 1,
				"Qty2": 100,
				"Qty3": 250,
				"Qty4": 500,
				"Qty5": 1000,
				"Qty6": 1500,
				"ItemPriceNet_Qty1": 2.82,
				"ItemPriceNet_Qty2": 2.75,
				"ItemPriceNet_Qty3": 2.67,
				"ItemPriceNet_Qty4": 2.60,
				"ItemPriceNet_Qty5": 2.55,
				"ItemPriceNet_Qty6": 2.50,
				"ItemPriceGross_Qty1": 5.23,
				"ItemPriceGross_Qty2": 5.09,
				"ItemPriceGross_Qty3": 4.95,
				"ItemPriceGross_Qty4": 4.82,
				"ItemPriceGross_Qty5": 4.72,
				"ItemPriceGross_Qty6": 4.63,
				"AdditionalCostDesc": "",
				"AdditionalCost": ""
			},
			{
				"FeedCreatedDateTime": "2025-04-25T07:23:38.0914582+02:00",
				"ItemPriceLastModifiedDateTime": "2024-10-28T14:06:31Z",
				"Currency": "GBP",
				"ModelCode": "V10200",
				"ItemCode": "102005",
				"ItemName": "VINGA Cott RCS RPET water bottle, orange",
				"Outlet": true,
				"AllPrintCodes": "Pad Print Drinkware,Digital round 360-2,SilkScreen Round,Doming",
				"MOQBlankOrder": 1,
				"Qty1": 1,
				"Qty2": 100,
				"Qty3": 250,
				"Qty4": 500,
				"Qty5": 1000,
				"Qty6": 1500,
				"ItemPriceNet_Qty1": 2.82,
				"ItemPriceNet_Qty2": 2.75,
				"ItemPriceNet_Qty3": 2.67,
				"ItemPriceNet_Qty4": 2.60,
				"ItemPriceNet_Qty5": 2.55,
				"ItemPriceNet_Qty6": 2.50,
				"ItemPriceGross_Qty1": 5.23,
				"ItemPriceGross_Qty2": 5.09,
				"ItemPriceGross_Qty3": 4.95,
				"ItemPriceGross_Qty4": 4.82,
				"ItemPriceGross_Qty5": 4.72,
				"ItemPriceGross_Qty6": 4.63,
				"AdditionalCostDesc": "",
				"AdditionalCost": ""
			},
			{
				"FeedCreatedDateTime": "2025-04-25T07:23:38.0914582+02:00",
				"ItemPriceLastModifiedDateTime": "2024-10-28T14:06:31Z",
				"Currency": "GBP",
				"ModelCode": "V10200",
				"ItemCode": "102006",
				"ItemName": "VINGA Cott RCS RPET water bottle, blue",
				"Outlet": true,
				"AllPrintCodes": "Pad Print Drinkware,Doming,SilkScreen Round,Digital round 360-2",
				"MOQBlankOrder": 1,
				"Qty1": 1,
				"Qty2": 100,
				"Qty3": 250,
				"Qty4": 500,
				"Qty5": 1000,
				"Qty6": 1500,
				"ItemPriceNet_Qty1": 2.82,
				"ItemPriceNet_Qty2": 2.75,
				"ItemPriceNet_Qty3": 2.67,
				"ItemPriceNet_Qty4": 2.60,
				"ItemPriceNet_Qty5": 2.55,
				"ItemPriceNet_Qty6": 2.50,
				"ItemPriceGross_Qty1": 5.23,
				"ItemPriceGross_Qty2": 5.09,
				"ItemPriceGross_Qty3": 4.95,
				"ItemPriceGross_Qty4": 4.82,
				"ItemPriceGross_Qty5": 4.72,
				"ItemPriceGross_Qty6": 4.63,
				"AdditionalCostDesc": "",
				"AdditionalCost": ""
			},
			{
				"FeedCreatedDateTime": "2025-04-25T07:23:38.0914582+02:00",
				"ItemPriceLastModifiedDateTime": "2024-10-31T15:08:23Z",
				"Currency": "GBP",
				"ModelCode": "V1021",
				"ItemCode": "102015",
				"ItemName": "VINGA Verso blanket, brown",
				"AllPrintCodes": "Embroidery,Leather badge",
				"MOQBlankOrder": 1,
				"Qty1": 1,
				"Qty2": 25,
				"Qty3": 50,
				"Qty4": 100,
				"Qty5": 250,
				"Qty6": 500,
				"ItemPriceNet_Qty1": 18.25,
				"ItemPriceNet_Qty2": 17.77,
				"ItemPriceNet_Qty3": 17.28,
				"ItemPriceNet_Qty4": 16.79,
				"ItemPriceNet_Qty5": 16.47,
				"ItemPriceNet_Qty6": 16.15,
				"ItemPriceGross_Qty1": 33.80,
				"ItemPriceGross_Qty2": 32.90,
				"ItemPriceGross_Qty3": 32.00,
				"ItemPriceGross_Qty4": 31.10,
				"ItemPriceGross_Qty5": 30.50,
				"ItemPriceGross_Qty6": 29.90,
				"AdditionalCostDesc": "",
				"AdditionalCost": ""
			}
		]
	},
	"PrintData": {
		"GET": "https://feeds.xindao.com/Feeds/Download/[UNIQUE_KEY_OF_PRINT_DATA]/Xindao.V3.PrintData-en-gb",
		"Response": [
			{
				"FeedCreatedDateTime": "2025-04-25T07:23:41.2733096+02:00",
				"PrintDataLastModifiedDateTime": "2025-04-09T22:00:10.3480696Z",
				"ModelCode": "V10200",
				"ItemCode": "102001",
				"ItemName": "VINGA Cott RCS RPET water bottle, grey",
				"PrintCode": "Pad Print Drinkware",
				"PrintTechnique": "Pad print",
				"Default": true,
				"PrintPosition": "item front middle",
				"PrintPositionCode": "item front middle",
				"MaxPrintWidthMM": 25.00,
				"MaxPrintHeightMM": 70.00,
				"MaxPrintArea": "25 x 70 mm",
				"MaxColors": 5,
				"LineDrawing": "https://static.xdconnects.com/ProductDecorationImages/102001__PadPrintDrinkware_itemfrontmiddle__89bb52a30883412eb0221b7d840897fe.png",
				"VRP_X": 707,
				"VRP_Y": 393,
				"VRP_Width": 92,
				"VRP_Height": 259,
				"VRP_URL": "https://static.xdconnects.com/PrintOptionVRP/102001_297724__67b00b6d17a0483aa183d08f66419d1e.png"
			},
			{
				"FeedCreatedDateTime": "2025-04-25T07:23:41.2733096+02:00",
				"PrintDataLastModifiedDateTime": "2025-04-09T22:00:10.3480696Z",
				"ModelCode": "V10200",
				"ItemCode": "102001",
				"ItemName": "VINGA Cott RCS RPET water bottle, grey",
				"PrintCode": "Digital round 360-2",
				"PrintTechnique": "Digital print 360°",
				"Default": false,
				"PrintPosition": "item",
				"PrintPositionCode": "Item",
				"MaxPrintWidthMM": 208.00,
				"MaxPrintHeightMM": 170.00,
				"MaxPrintArea": "208 x 170 mm",
				"MaxColors": 4,
				"FullColor": true,
				"VariableDataPrinting": true,
				"LineDrawing": "https://static.xdconnects.com/ProductDecorationImages/102001__Digitalround360-2_Item__f70ecea9e5a4483c965c338db378f0ed.png",
				"VRP_X": 410,
				"VRP_Y": 248,
				"VRP_Width": 695,
				"VRP_Height": 568,
				"VRP_URL": "https://static.xdconnects.com/PrintOptionVRP/102001_297724__67b00b6d17a0483aa183d08f66419d1e.png"
			},
			{
				"FeedCreatedDateTime": "2025-04-25T07:23:41.2733096+02:00",
				"PrintDataLastModifiedDateTime": "2025-03-12T22:07:04.8552187Z",
				"ModelCode": "V10200",
				"ItemCode": "102001",
				"ItemName": "VINGA Cott RCS RPET water bottle, grey",
				"PrintCode": "SilkScreen Round",
				"PrintTechnique": "Silk screen round",
				"Default": false,
				"PrintPosition": "item",
				"PrintPositionCode": "Item",
				"MaxPrintWidthMM": 170.00,
				"MaxPrintHeightMM": 100.00,
				"MaxPrintArea": "170 x 100 mm",
				"MaxColors": 1,
				"LineDrawing": "https://static.xdconnects.com/ProductDecorationImages/102001__SilkScreenRound_Item__8d7ffc3589454241bf98cea4f727976a.png",
				"VRP_X": 473,
				"VRP_Y": 364,
				"VRP_Width": 568,
				"VRP_Height": 334,
				"VRP_URL": "https://static.xdconnects.com/PrintOptionVRP/102001_297724__67b00b6d17a0483aa183d08f66419d1e.png"
			},
			{
				"FeedCreatedDateTime": "2025-04-25T07:23:41.2733096+02:00",
				"PrintDataLastModifiedDateTime": "2025-04-09T22:00:10.3480696Z",
				"ModelCode": "V10200",
				"ItemCode": "102001",
				"ItemName": "VINGA Cott RCS RPET water bottle, grey",
				"PrintCode": "Pad Print Drinkware",
				"PrintTechnique": "Pad print",
				"Default": false,
				"PrintPosition": "item front up",
				"PrintPositionCode": "item front up",
				"MaxPrintWidthMM": 25.00,
				"MaxPrintHeightMM": 70.00,
				"MaxPrintArea": "25 x 70 mm",
				"MaxColors": 5,
				"LineDrawing": "https://static.xdconnects.com/ProductDecorationImages/102001__PadPrintDrinkware_itemfrontup__e40ace146c1646d2a166e993d238fc22.png",
				"VRP_X": 707,
				"VRP_Y": 269,
				"VRP_Width": 89,
				"VRP_Height": 250,
				"VRP_URL": "https://static.xdconnects.com/PrintOptionVRP/102001_297724__67b00b6d17a0483aa183d08f66419d1e.png"
			},
			{
				"FeedCreatedDateTime": "2025-04-25T07:23:41.2733096+02:00",
				"PrintDataLastModifiedDateTime": "2025-04-09T22:00:10.3480696Z",
				"ModelCode": "V10200",
				"ItemCode": "102001",
				"ItemName": "VINGA Cott RCS RPET water bottle, grey",
				"PrintCode": "Pad Print Drinkware",
				"PrintTechnique": "Pad print",
				"Default": false,
				"PrintPosition": "item front down",
				"PrintPositionCode": "item front down",
				"MaxPrintWidthMM": 25.00,
				"MaxPrintHeightMM": 70.00,
				"MaxPrintArea": "25 x 70 mm",
				"MaxColors": 5,
				"LineDrawing": "https://static.xdconnects.com/ProductDecorationImages/102001__PadPrintDrinkware_itemfrontdown__61ef2ad8b4e14a9cb57fd84ab5db26da.png",
				"VRP_X": 708,
				"VRP_Y": 547,
				"VRP_Width": 89,
				"VRP_Height": 250,
				"VRP_URL": "https://static.xdconnects.com/PrintOptionVRP/102001_297724__67b00b6d17a0483aa183d08f66419d1e.png"
			},
			{
				"FeedCreatedDateTime": "2025-04-25T07:23:41.2733096+02:00",
				"PrintDataLastModifiedDateTime": "2025-04-09T22:00:10.3480696Z",
				"ModelCode": "V10200",
				"ItemCode": "102001",
				"ItemName": "VINGA Cott RCS RPET water bottle, grey",
				"PrintCode": "Pad Print Drinkware",
				"PrintTechnique": "Pad print",
				"Default": false,
				"PrintPosition": "item back up",
				"PrintPositionCode": "item back up",
				"MaxPrintWidthMM": 25.00,
				"MaxPrintHeightMM": 70.00,
				"MaxPrintArea": "25 x 70 mm",
				"MaxColors": 5,
				"LineDrawing": "https://static.xdconnects.com/ProductDecorationImages/102001__PadPrintDrinkware_itembackup__4f0a27f64ee34e5db1feb65f7f17d9e2.png",
				"VRP_X": 709,
				"VRP_Y": 268,
				"VRP_Width": 88,
				"VRP_Height": 247,
				"VRP_URL": "https://static.xdconnects.com/PrintOptionVRP/102001_297724__67b00b6d17a0483aa183d08f66419d1e.png"
			}
		]
	},
	"PrintPrices":{
		"GET": "https://feeds.xindao.com/Feeds/Download/[UNIQUE_KEY_OF_PRINT_PRICES]/Xindao.V3.PrintPrices-en-gb",
		"Response": [
			{
				"FeedCreatedDateTime": "2025-04-25T07:25:30.2605842+02:00",
				"PrintPriceLastModifiedDateTime": "2024-11-06T20:13:45Z",
				"Currency": "GBP",
				"PrintCode": "CO2 Engraving 1",
				"PrintTechnique": "CO2 Engraving",
				"TechniqueType": "Print",
				"ProductionSKU": "XCO2_1",
				"SetupSKU": "XCO2_SetUp",
				"VDPSKU": "XCO2_VDP",
				"MOQPrintOrder": 1,
				"SetupNet": 25.00,
				"PrintSampleNet": 25.00,
				"SmallOrderChargeNet": 0,
				"VariableDataPrinting": true,
				"PrintPriceNet_1": 1.30,
				"PrintPriceNet_50": 0.57,
				"PrintPriceNet_100": 0.52,
				"PrintPriceNet_250": 0.43,
				"PrintPriceNet_500": 0.40,
				"PrintPriceNet_1000": 0.34,
				"PrintPriceNet_2500": 0.31,
				"PrintPriceNet_5000": 0.29,
				"PrintPriceNet_10000": 0.25,
				"PrintPriceGross_1": 2.41,
				"PrintPriceGross_50": 1.06,
				"PrintPriceGross_100": 0.96,
				"PrintPriceGross_250": 0.80,
				"PrintPriceGross_500": 0.74,
				"PrintPriceGross_1000": 0.63,
				"PrintPriceGross_2500": 0.57,
				"PrintPriceGross_5000": 0.54,
				"PrintPriceGross_10000": 0.46,
				"VDPPriceNet_1": 0.35,
				"VDPPriceNet_50": 0.35,
				"VDPPriceNet_100": 0.35,
				"VDPPriceNet_250": 0.35,
				"VDPPriceNet_500": 0.35,
				"VDPPriceNet_1000": 0.35,
				"VDPPriceNet_2500": 0.35,
				"VDPPriceNet_5000": 0.35,
				"VDPPriceNet_10000": 0.35,
				"VDPPriceGross_1": 0.35,
				"VDPPriceGross_50": 0.35,
				"VDPPriceGross_100": 0.35,
				"VDPPriceGross_250": 0.35,
				"VDPPriceGross_500": 0.35,
				"VDPPriceGross_1000": 0.35,
				"VDPPriceGross_2500": 0.35,
				"VDPPriceGross_5000": 0.35,
				"VDPPriceGross_10000": 0.35
			},
			{
				"FeedCreatedDateTime": "2025-04-25T07:25:30.2605842+02:00",
				"PrintPriceLastModifiedDateTime": "2024-11-06T20:13:45Z",
				"Currency": "GBP",
				"PrintCode": "CO2 Engraving 2",
				"PrintTechnique": "CO2 Engraving",
				"TechniqueType": "Print",
				"ProductionSKU": "XCO2_2",
				"SetupSKU": "XCO2_SetUp",
				"VDPSKU": "XCO2_VDP",
				"MOQPrintOrder": 1,
				"SetupNet": 25.00,
				"PrintSampleNet": 25.00,
				"SmallOrderChargeNet": 0,
				"VariableDataPrinting": true,
				"PrintPriceNet_1": 1.54,
				"PrintPriceNet_50": 0.86,
				"PrintPriceNet_100": 0.67,
				"PrintPriceNet_250": 0.62,
				"PrintPriceNet_500": 0.53,
				"PrintPriceNet_1000": 0.50,
				"PrintPriceNet_2500": 0.45,
				"PrintPriceNet_5000": 0.41,
				"PrintPriceNet_10000": 0.36,
				"PrintPriceGross_1": 2.85,
				"PrintPriceGross_50": 1.59,
				"PrintPriceGross_100": 1.24,
				"PrintPriceGross_250": 1.15,
				"PrintPriceGross_500": 0.98,
				"PrintPriceGross_1000": 0.93,
				"PrintPriceGross_2500": 0.83,
				"PrintPriceGross_5000": 0.76,
				"PrintPriceGross_10000": 0.67,
				"VDPPriceNet_1": 0.35,
				"VDPPriceNet_50": 0.35,
				"VDPPriceNet_100": 0.35,
				"VDPPriceNet_250": 0.35,
				"VDPPriceNet_500": 0.35,
				"VDPPriceNet_1000": 0.35,
				"VDPPriceNet_2500": 0.35,
				"VDPPriceNet_5000": 0.35,
				"VDPPriceNet_10000": 0.35,
				"VDPPriceGross_1": 0.35,
				"VDPPriceGross_50": 0.35,
				"VDPPriceGross_100": 0.35,
				"VDPPriceGross_250": 0.35,
				"VDPPriceGross_500": 0.35,
				"VDPPriceGross_1000": 0.35,
				"VDPPriceGross_2500": 0.35,
				"VDPPriceGross_5000": 0.35,
				"VDPPriceGross_10000": 0.35
			},
			{
				"FeedCreatedDateTime": "2025-04-25T07:25:30.2605842+02:00",
				"PrintPriceLastModifiedDateTime": "2024-11-06T20:13:45Z",
				"Currency": "GBP",
				"PrintCode": "CO2 Engraving 3",
				"PrintTechnique": "CO2 Engraving",
				"TechniqueType": "Print",
				"ProductionSKU": "XCO2_3",
				"SetupSKU": "XCO2_SetUp",
				"VDPSKU": "XCO2_VDP",
				"MOQPrintOrder": 1,
				"SetupNet": 25.00,
				"PrintSampleNet": 25.00,
				"SmallOrderChargeNet": 0,
				"VariableDataPrinting": true,
				"PrintPriceNet_1": 1.78,
				"PrintPriceNet_50": 1.12,
				"PrintPriceNet_100": 0.84,
				"PrintPriceNet_250": 0.74,
				"PrintPriceNet_500": 0.66,
				"PrintPriceNet_1000": 0.63,
				"PrintPriceNet_2500": 0.61,
				"PrintPriceNet_5000": 0.53,
				"PrintPriceNet_10000": 0.47,
				"PrintPriceGross_1": 3.30,
				"PrintPriceGross_50": 2.07,
				"PrintPriceGross_100": 1.56,
				"PrintPriceGross_250": 1.37,
				"PrintPriceGross_500": 1.22,
				"PrintPriceGross_1000": 1.17,
				"PrintPriceGross_2500": 1.13,
				"PrintPriceGross_5000": 0.98,
				"PrintPriceGross_10000": 0.87,
				"VDPPriceNet_1": 0.35,
				"VDPPriceNet_50": 0.35,
				"VDPPriceNet_100": 0.35,
				"VDPPriceNet_250": 0.35,
				"VDPPriceNet_500": 0.35,
				"VDPPriceNet_1000": 0.35,
				"VDPPriceNet_2500": 0.35,
				"VDPPriceNet_5000": 0.35,
				"VDPPriceNet_10000": 0.35,
				"VDPPriceGross_1": 0.35,
				"VDPPriceGross_50": 0.35,
				"VDPPriceGross_100": 0.35,
				"VDPPriceGross_250": 0.35,
				"VDPPriceGross_500": 0.35,
				"VDPPriceGross_1000": 0.35,
				"VDPPriceGross_2500": 0.35,
				"VDPPriceGross_5000": 0.35,
				"VDPPriceGross_10000": 0.35
			},
			{
				"FeedCreatedDateTime": "2025-04-25T07:25:30.2605842+02:00",
				"PrintPriceLastModifiedDateTime": "2024-11-06T20:13:45Z",
				"Currency": "GBP",
				"PrintCode": "Custom Card B",
				"PrintTechnique": "Custom Card",
				"TechniqueType": "Print",
				"ProductionSKU": "Xcustomcard",
				"VDPSKU": "Xcustomcard_VDP",
				"MOQPrintOrder": 1,
				"SetupNet": 0,
				"SmallOrderChargeNet": 0,
				"FullColor": true,
				"VariableDataPrinting": true,
				"PrintPriceNet_1": 0.25,
				"PrintPriceNet_50": 0.25,
				"PrintPriceNet_100": 0.25,
				"PrintPriceNet_250": 0.25,
				"PrintPriceNet_500": 0.25,
				"PrintPriceNet_1000": 0.25,
				"PrintPriceNet_2500": 0.25,
				"PrintPriceNet_5000": 0.25,
				"PrintPriceNet_10000": 0.25,
				"PrintPriceGross_1": 0.25,
				"PrintPriceGross_50": 0.25,
				"PrintPriceGross_100": 0.25,
				"PrintPriceGross_250": 0.25,
				"PrintPriceGross_500": 0.25,
				"PrintPriceGross_1000": 0.25,
				"PrintPriceGross_2500": 0.25,
				"PrintPriceGross_5000": 0.25,
				"PrintPriceGross_10000": 0.25,
				"VDPPriceNet_1": 0.10,
				"VDPPriceNet_50": 0.10,
				"VDPPriceNet_100": 0.10,
				"VDPPriceNet_250": 0.10,
				"VDPPriceNet_500": 0.10,
				"VDPPriceNet_1000": 0.10,
				"VDPPriceNet_2500": 0.10,
				"VDPPriceNet_5000": 0.10,
				"VDPPriceNet_10000": 0.10,
				"VDPPriceGross_1": 0.10,
				"VDPPriceGross_50": 0.10,
				"VDPPriceGross_100": 0.10,
				"VDPPriceGross_250": 0.10,
				"VDPPriceGross_500": 0.10,
				"VDPPriceGross_1000": 0.10,
				"VDPPriceGross_2500": 0.10,
				"VDPPriceGross_5000": 0.10,
				"VDPPriceGross_10000": 0.10
			},
			{
				"FeedCreatedDateTime": "2025-04-25T07:25:30.2605842+02:00",
				"PrintPriceLastModifiedDateTime": "2024-11-06T20:13:46Z",
				"Currency": "GBP",
				"PrintCode": "Custom sleeve",
				"PrintTechnique": "Custom sleeve",
				"TechniqueType": "Sleeve",
				"ProductionSKU": "Xcustomsleeve",
				"SetupSKU": "Xcustomsleeve_SetUp",
				"VDPSKU": "Xcustomsleeve_VDP",
				"MOQPrintOrder": 100,
				"SetupNet": 34.00,
				"PrintSampleNet": 34.00,
				"SmallOrderChargeNet": 0,
				"VariableDataPrinting": true,
				"PrintPriceNet_1": 1.62,
				"PrintPriceNet_50": 1.53,
				"PrintPriceNet_100": 1.49,
				"PrintPriceNet_250": 1.31,
				"PrintPriceNet_500": 0.86,
				"PrintPriceNet_1000": 0.75,
				"PrintPriceNet_2500": 0.75,
				"PrintPriceNet_5000": 0.75,
				"PrintPriceNet_10000": 0.75,
				"PrintPriceGross_1": 3,
				"PrintPriceGross_50": 2.83,
				"PrintPriceGross_100": 2.76,
				"PrintPriceGross_250": 2.43,
				"PrintPriceGross_500": 1.59,
				"PrintPriceGross_1000": 1.39,
				"PrintPriceGross_2500": 1.39,
				"PrintPriceGross_5000": 1.39,
				"PrintPriceGross_10000": 1.39,
				"VDPPriceNet_1": 0.35,
				"VDPPriceNet_50": 0.35,
				"VDPPriceNet_100": 0.35,
				"VDPPriceNet_250": 0.35,
				"VDPPriceNet_500": 0.35,
				"VDPPriceNet_1000": 0.35,
				"VDPPriceNet_2500": 0.35,
				"VDPPriceNet_5000": 0.35,
				"VDPPriceNet_10000": 0.35,
				"VDPPriceGross_1": 0.35,
				"VDPPriceGross_50": 0.35,
				"VDPPriceGross_100": 0.35,
				"VDPPriceGross_250": 0.35,
				"VDPPriceGross_500": 0.35,
				"VDPPriceGross_1000": 0.35,
				"VDPPriceGross_2500": 0.35,
				"VDPPriceGross_5000": 0.35,
				"VDPPriceGross_10000": 0.35
			},
			{
				"FeedCreatedDateTime": "2025-04-25T07:25:30.2605842+02:00",
				"PrintPriceLastModifiedDateTime": "2024-11-06T20:13:46Z",
				"Currency": "GBP",
				"PrintCode": "Digital Print 1",
				"PrintTechnique": "Digital Print",
				"TechniqueType": "Print",
				"ProductionSKU": "XDP1",
				"SetupSKU": "XDP_SetUp",
				"VDPSKU": "XDP_VDP",
				"MOQPrintOrder": 1,
				"SetupNet": 34.00,
				"PrintSampleNet": 34.00,
				"SmallOrderChargeNet": 0,
				"FullColor": true,
				"VariableDataPrinting": true,
				"PrintPriceNet_1": 1.54,
				"PrintPriceNet_50": 0.66,
				"PrintPriceNet_100": 0.52,
				"PrintPriceNet_250": 0.39,
				"PrintPriceNet_500": 0.35,
				"PrintPriceNet_1000": 0.31,
				"PrintPriceNet_2500": 0.25,
				"PrintPriceNet_5000": 0.24,
				"PrintPriceNet_10000": 0.23,
				"PrintPriceGross_1": 2.85,
				"PrintPriceGross_50": 1.22,
				"PrintPriceGross_100": 0.96,
				"PrintPriceGross_250": 0.72,
				"PrintPriceGross_500": 0.65,
				"PrintPriceGross_1000": 0.57,
				"PrintPriceGross_2500": 0.46,
				"PrintPriceGross_5000": 0.44,
				"PrintPriceGross_10000": 0.43,
				"VDPPriceNet_1": 0.35,
				"VDPPriceNet_50": 0.35,
				"VDPPriceNet_100": 0.35,
				"VDPPriceNet_250": 0.35,
				"VDPPriceNet_500": 0.35,
				"VDPPriceNet_1000": 0.35,
				"VDPPriceNet_2500": 0.35,
				"VDPPriceNet_5000": 0.35,
				"VDPPriceNet_10000": 0.35,
				"VDPPriceGross_1": 0.35,
				"VDPPriceGross_50": 0.35,
				"VDPPriceGross_100": 0.35,
				"VDPPriceGross_250": 0.35,
				"VDPPriceGross_500": 0.35,
				"VDPPriceGross_1000": 0.35,
				"VDPPriceGross_2500": 0.35,
				"VDPPriceGross_5000": 0.35,
				"VDPPriceGross_10000": 0.35
			}
		]
	},
	"Stock": {
		"GET": "https://feeds.xindao.com/Feeds/Download/[UNIQUE_KEY_OF_STOCK]/Xindao.V2.Stock-en-gb",
		"Response": [
			{
				"FeedCreatedDateTime": "2025-04-25T07:25:31.2603929+02:00",
				"ModelCode": "V10200",
				"ItemCode": "102001",
				"ItemName": "VINGA Cott RCS RPET water bottle, grey",
				"CurrentStock": 17525
			},
			{
				"FeedCreatedDateTime": "2025-04-25T07:25:31.2603929+02:00",
				"ModelCode": "V10200",
				"ItemCode": "102002",
				"ItemName": "VINGA Cott RCS RPET water bottle, transparent",
				"CurrentStock": 6700
			},
			{
				"FeedCreatedDateTime": "2025-04-25T07:25:31.2603929+02:00",
				"ModelCode": "V10200",
				"ItemCode": "102004",
				"ItemName": "VINGA Cott RCS RPET water bottle, green",
				"CurrentStock": 18249
			},
			{
				"FeedCreatedDateTime": "2025-04-25T07:25:31.2603929+02:00",
				"ModelCode": "V10200",
				"ItemCode": "102005",
				"ItemName": "VINGA Cott RCS RPET water bottle, orange",
				"CurrentStock": 18280
			},
			{
				"FeedCreatedDateTime": "2025-04-25T07:25:31.2603929+02:00",
				"ModelCode": "V10200",
				"ItemCode": "102006",
				"ItemName": "VINGA Cott RCS RPET water bottle, blue",
				"CurrentStock": 15230
			},
			{
				"FeedCreatedDateTime": "2025-04-25T07:25:31.2603929+02:00",
				"ModelCode": "V1021",
				"ItemCode": "102015",
				"ItemName": "VINGA Verso blanket, brown",
				"CurrentStock": 4309
			}
		]
	}	
}